time,seconds_elapsed,z,y,x
1651993529,789,26.336006138122833,26.336006138122833,26.336006138122833
1651993529,789,39.47035306285064,39.47035306285064,39.47035306285064
1651993529,789,14.2228499551016,14.2228499551016,14.2228499551016
1651993529,789,7.838503094763686,7.838503094763686,7.838503094763686
1651993529,789,40.54810390106533,40.54810390106533,40.54810390106533
1651993529,789,56.132675934151266,56.132675934151266,56.132675934151266
1651993529,789,49.311317067789545,49.311317067789545,49.311317067789545
1651993529,789,33.91644165638858,33.91644165638858,33.91644165638858
1651993529,789,46.391450605920674,46.391450605920674,46.391450605920674
1651993529,789,13.393088479698623,13.393088479698623,13.393088479698623
1651993529,789,17.081330017989423,17.081330017989423,17.081330017989423
1651993529,789,19.525748294417692,19.525748294417692,19.525748294417692
1651993529,789,34.08935245358838,34.08935245358838,34.08935245358838
1651993529,789,16.053776830089944,16.053776830089944,16.053776830089944
1651993529,789,10.9313862165029,10.9313862165029,10.9313862165029
1651993529,789,56.21361530283951,56.21361530283951,56.21361530283951
1651993529,789,27.60097927622596,27.60097927622596,27.60097927622596
1651993529,789,52.467887290463594,52.467887290463594,52.467887290463594
1651993529,789,2.707472473215239,2.707472473215239,2.707472473215239
1651993529,789,33.96689303342319,33.96689303342319,33.96689303342319
1651993529,789,38.95455487902644,38.95455487902644,38.95455487902644
1651993529,789,33.785091914657464,33.785091914657464,33.785091914657464
1651993529,789,35.67267940640799,35.67267940640799,35.67267940640799
1651993529,789,7.785104559048945,7.785104559048945,7.785104559048945
1651993529,789,48.55442200705967,48.55442200705967,48.55442200705967
1651993529,789,52.5818366231598,52.5818366231598,52.5818366231598
1651993529,789,43.778863494656406,43.778863494656406,43.778863494656406
1651993529,789,31.36712522491382,31.36712522491382,31.36712522491382
1651993529,789,53.61243325105811,53.61243325105811,53.61243325105811
1651993529,789,15.243270482310022,15.243270482310022,15.243270482310022
1651993529,789,3.1127279218949444,3.1127279218949444,3.1127279218949444
1651993529,789,52.306148422356344,52.306148422356344,52.306148422356344
1651993529,789,45.54774716896272,45.54774716896272,45.54774716896272
1651993529,789,3.8045159318830746,3.8045159318830746,3.8045159318830746
1651993529,789,12.348457711866867,12.348457711866867,12.348457711866867
1651993529,789,1.472607279857594,1.472607279857594,1.472607279857594
1651993529,789,43.13860062589047,43.13860062589047,43.13860062589047
1651993529,789,55.353235910709145,55.353235910709145,55.353235910709145
1651993529,789,45.91345532608159,45.91345532608159,45.91345532608159
1651993529,789,24.426071747504576,24.426071747504576,24.426071747504576
1651993529,789,20.154434703935443,20.154434703935443,20.154434703935443
1651993529,789,32.45166968344899,32.45166968344899,32.45166968344899
1651993529,789,25.172746628378654,25.172746628378654,25.172746628378654
1651993529,789,30.779911889118488,30.779911889118488,30.779911889118488
1651993529,789,24.967286500892868,24.967286500892868,24.967286500892868
1651993529,789,43.27618791088558,43.27618791088558,43.27618791088558
1651993529,789,41.88265819364973,41.88265819364973,41.88265819364973
1651993529,789,45.35305473211769,45.35305473211769,45.35305473211769
1651993529,789,50.07882515768558,50.07882515768558,50.07882515768558
1651993529,789,20.174156241469046,20.174156241469046,20.174156241469046
1651993529,789,40.80560140429679,40.80560140429679,40.80560140429679
1651993529,789,57.24023827980248,57.24023827980248,57.24023827980248
1651993529,789,40.812974522990345,40.812974522990345,40.812974522990345
1651993529,789,31.298472811021355,31.298472811021355,31.298472811021355
1651993529,789,4.7699407668733675,4.7699407668733675,4.7699407668733675
1651993529,789,26.177348070145378,26.177348070145378,26.177348070145378
1651993529,789,56.00675120828779,56.00675120828779,56.00675120828779
1651993529,789,22.980917281784812,22.980917281784812,22.980917281784812
1651993529,789,6.716645621456622,6.716645621456622,6.716645621456622
1651993529,789,39.54725094076239,39.54725094076239,39.54725094076239
1651993529,789,33.142818544524154,33.142818544524154,33.142818544524154
1651993529,789,35.85406707154313,35.85406707154313,35.85406707154313
1651993529,789,11.797350540992273,11.797350540992273,11.797350540992273
1651993529,789,9.679806328443814,9.679806328443814,9.679806328443814
1651993529,789,27.061014783185502,27.061014783185502,27.061014783185502
1651993529,789,20.978943804843095,20.978943804843095,20.978943804843095
1651993529,789,24.390396597518492,24.390396597518492,24.390396597518492
1651993529,789,32.38570092456513,32.38570092456513,32.38570092456513
1651993529,789,36.42958333978112,36.42958333978112,36.42958333978112
1651993529,789,39.48246364462369,39.48246364462369,39.48246364462369
1651993529,789,23.108776956153356,23.108776956153356,23.108776956153356
1651993529,789,35.27471560619107,35.27471560619107,35.27471560619107
1651993529,789,55.338093787101776,55.338093787101776,55.338093787101776
1651993529,789,17.27861111391402,17.27861111391402,17.27861111391402
1651993529,789,7.778601331263439,7.778601331263439,7.778601331263439
1651993529,789,10.900888432507635,10.900888432507635,10.900888432507635
1651993529,789,26.11009459321989,26.11009459321989,26.11009459321989
1651993529,789,32.283918016754924,32.283918016754924,32.283918016754924
1651993529,789,16.552869046188338,16.552869046188338,16.552869046188338
1651993529,789,17.56512313005421,17.56512313005421,17.56512313005421
1651993529,789,31.469482338164333,31.469482338164333,31.469482338164333
1651993529,789,25.277324408690212,25.277324408690212,25.277324408690212
1651993529,789,48.91916636633445,48.91916636633445,48.91916636633445
1651993529,789,3.847098989551525,3.847098989551525,3.847098989551525
1651993529,789,55.38546738199161,55.38546738199161,55.38546738199161
1651993529,789,39.09659093704898,39.09659093704898,39.09659093704898
1651993529,789,22.307551610508376,22.307551610508376,22.307551610508376
1651993529,789,9.428760555683914,9.428760555683914,9.428760555683914
1651993529,789,30.3678289280487,30.3678289280487,30.3678289280487
1651993529,789,31.215336120902663,31.215336120902663,31.215336120902663
1651993529,789,48.75516031589993,48.75516031589993,48.75516031589993
1651993529,789,54.781838838683804,54.781838838683804,54.781838838683804
1651993529,789,30.331367382545118,30.331367382545118,30.331367382545118
1651993529,789,7.341430430810127,7.341430430810127,7.341430430810127
1651993529,789,36.76330017356076,36.76330017356076,36.76330017356076
1651993529,789,39.049007755431795,39.049007755431795,39.049007755431795
1651993529,789,44.040475297191165,44.040475297191165,44.040475297191165
1651993529,789,21.032134564989153,21.032134564989153,21.032134564989153
1651993529,789,50.24393429094519,50.24393429094519,50.24393429094519
1651993529,789,24.928532774831762,24.928532774831762,24.928532774831762
1651993529,789,40.617235665325,40.617235665325,40.617235665325
1651993529,789,25.186893729901346,25.186893729901346,25.186893729901346
1651993529,789,48.79655035351451,48.79655035351451,48.79655035351451
1651993529,789,6.894972311116603,6.894972311116603,6.894972311116603
1651993529,789,10.189546371369364,10.189546371369364,10.189546371369364
1651993529,789,25.245310540741716,25.245310540741716,25.245310540741716
1651993529,789,39.84988718444441,39.84988718444441,39.84988718444441
1651993529,789,7.630045994894398,7.630045994894398,7.630045994894398
1651993529,789,20.50640840993124,20.50640840993124,20.50640840993124
1651993529,789,8.65834295020802,8.65834295020802,8.65834295020802
1651993529,789,13.865069400404726,13.865069400404726,13.865069400404726
1651993529,789,16.210035817890642,16.210035817890642,16.210035817890642
1651993529,789,5.717006917289022,5.717006917289022,5.717006917289022
1651993529,789,54.0429638256232,54.0429638256232,54.0429638256232
1651993529,789,29.396057391833754,29.396057391833754,29.396057391833754
1651993529,789,13.712690637650732,13.712690637650732,13.712690637650732
1651993529,789,54.872332959543,54.872332959543,54.872332959543
1651993529,789,14.996229803020894,14.996229803020894,14.996229803020894
1651993529,789,32.76360519647131,32.76360519647131,32.76360519647131
1651993529,789,37.369097363455886,37.369097363455886,37.369097363455886
1651993529,789,3.889768722176182,3.889768722176182,3.889768722176182
1651993529,789,3.285610483802078,3.285610483802078,3.285610483802078
1651993529,789,32.375462305703245,32.375462305703245,32.375462305703245
1651993529,789,22.333330519331952,22.333330519331952,22.333330519331952
1651993529,789,15.630111529502187,15.630111529502187,15.630111529502187
1651993529,789,4.134878805835486,4.134878805835486,4.134878805835486
1651993529,789,42.64676020932559,42.64676020932559,42.64676020932559
1651993529,789,22.814897078092006,22.814897078092006,22.814897078092006
1651993529,789,49.18382185524038,49.18382185524038,49.18382185524038
1651993529,789,47.714918445401665,47.714918445401665,47.714918445401665
1651993529,789,16.387637953858327,16.387637953858327,16.387637953858327
1651993529,789,8.402556379702387,8.402556379702387,8.402556379702387
1651993529,789,15.748052333989206,15.748052333989206,15.748052333989206
1651993529,789,1.1710835907242396,1.1710835907242396,1.1710835907242396
1651993529,789,57.32493526527377,57.32493526527377,57.32493526527377
1651993529,789,37.400660255441714,37.400660255441714,37.400660255441714
1651993529,789,56.52917379167711,56.52917379167711,56.52917379167711
1651993529,789,53.44210211829007,53.44210211829007,53.44210211829007
1651993529,789,25.2333175890638,25.2333175890638,25.2333175890638
1651993529,789,20.196182653744522,20.196182653744522,20.196182653744522
1651993529,789,19.38709190515049,19.38709190515049,19.38709190515049
1651993529,789,45.59357871486422,45.59357871486422,45.59357871486422
1651993529,789,38.02259727757174,38.02259727757174,38.02259727757174
1651993529,789,15.8241608767408,15.8241608767408,15.8241608767408
1651993529,789,25.582989975066923,25.582989975066923,25.582989975066923
1651993529,789,10.980758822461672,10.980758822461672,10.980758822461672
1651993529,789,48.925201417758636,48.925201417758636,48.925201417758636
1651993529,789,36.80303021529558,36.80303021529558,36.80303021529558
1651993529,789,44.634204028251105,44.634204028251105,44.634204028251105
1651993529,789,1.2307607294732754,1.2307607294732754,1.2307607294732754
1651993529,789,49.4081207295217,49.4081207295217,49.4081207295217
1651993529,789,53.32076755666029,53.32076755666029,53.32076755666029
1651993529,789,3.5121770570066837,3.5121770570066837,3.5121770570066837
1651993529,789,18.88752882655241,18.88752882655241,18.88752882655241
1651993529,789,10.652539146414536,10.652539146414536,10.652539146414536
1651993529,789,5.673382365415008,5.673382365415008,5.673382365415008
1651993529,789,50.66257438720526,50.66257438720526,50.66257438720526
1651993529,789,38.986330440530445,38.986330440530445,38.986330440530445
1651993529,789,20.195171008446856,20.195171008446856,20.195171008446856
1651993529,789,48.05379608183122,48.05379608183122,48.05379608183122
1651993529,789,33.256508690154746,33.256508690154746,33.256508690154746
1651993529,789,44.170906326454045,44.170906326454045,44.170906326454045
1651993529,789,26.366001023326398,26.366001023326398,26.366001023326398
1651993529,789,30.66169362139394,30.66169362139394,30.66169362139394
1651993529,789,47.516487237712575,47.516487237712575,47.516487237712575
1651993529,789,1.7014505668719815,1.7014505668719815,1.7014505668719815
1651993529,789,45.007266402805236,45.007266402805236,45.007266402805236
1651993529,789,53.53829586927697,53.53829586927697,53.53829586927697
1651993529,789,39.29665535533369,39.29665535533369,39.29665535533369
1651993529,789,4.487548424363589,4.487548424363589,4.487548424363589
1651993529,789,27.03838637777094,27.03838637777094,27.03838637777094
1651993529,789,32.41323927148654,32.41323927148654,32.41323927148654
1651993529,789,56.76275759526682,56.76275759526682,56.76275759526682
1651993529,789,1.1878348663635245,1.1878348663635245,1.1878348663635245
1651993529,789,24.443049503437717,24.443049503437717,24.443049503437717
1651993529,789,55.962255015556806,55.962255015556806,55.962255015556806
1651993529,789,13.17544144683189,13.17544144683189,13.17544144683189
1651993529,789,14.61141028857978,14.61141028857978,14.61141028857978
1651993529,789,52.01606496105971,52.01606496105971,52.01606496105971
1651993529,789,34.486182336526156,34.486182336526156,34.486182336526156
1651993529,789,6.518122892963107,6.518122892963107,6.518122892963107
1651993529,789,23.965228127361787,23.965228127361787,23.965228127361787
1651993529,789,0.8872866819509388,0.8872866819509388,0.8872866819509388
1651993529,789,15.052482474634097,15.052482474634097,15.052482474634097
1651993529,789,23.104238969562175,23.104238969562175,23.104238969562175
1651993529,789,6.148684574187621,6.148684574187621,6.148684574187621
1651993529,789,12.657007459158633,12.657007459158633,12.657007459158633
1651993529,789,39.90153292655879,39.90153292655879,39.90153292655879
1651993529,789,38.40949098955143,38.40949098955143,38.40949098955143
1651993529,789,52.923768650107796,52.923768650107796,52.923768650107796
1651993529,789,53.153830097305004,53.153830097305004,53.153830097305004
1651993529,789,10.363567102719209,10.363567102719209,10.363567102719209
1651993529,789,33.27104994089514,33.27104994089514,33.27104994089514
1651993529,789,14.48275502315523,14.48275502315523,14.48275502315523
1651993529,789,36.57916971638392,36.57916971638392,36.57916971638392
1651993529,789,21.200839335921877,21.200839335921877,21.200839335921877
1651993529,789,39.40022181943651,39.40022181943651,39.40022181943651
1651993529,789,20.591250603788065,20.591250603788065,20.591250603788065
1651993529,789,22.051950798459004,22.051950798459004,22.051950798459004
1651993529,789,14.908792154775847,14.908792154775847,14.908792154775847
1651993529,789,7.6368674655313304,7.6368674655313304,7.6368674655313304
1651993529,789,4.620466285560198,4.620466285560198,4.620466285560198
1651993529,789,56.97825384823518,56.97825384823518,56.97825384823518
1651993529,789,21.760501020323982,21.760501020323982,21.760501020323982
1651993529,789,56.66146210255002,56.66146210255002,56.66146210255002
1651993529,789,14.201540617204124,14.201540617204124,14.201540617204124
1651993529,789,30.371565557875588,30.371565557875588,30.371565557875588
1651993529,789,20.107223098666015,20.107223098666015,20.107223098666015
1651993529,789,21.239849515330295,21.239849515330295,21.239849515330295
1651993529,789,2.143489188585009,2.143489188585009,2.143489188585009
1651993529,789,7.4999373434782965,7.4999373434782965,7.4999373434782965
1651993529,789,5.039293436157631,5.039293436157631,5.039293436157631
1651993529,789,48.501584402175574,48.501584402175574,48.501584402175574
1651993529,789,39.35889948486101,39.35889948486101,39.35889948486101
1651993529,789,29.2984309562877,29.2984309562877,29.2984309562877
1651993529,789,43.403754887075834,43.403754887075834,43.403754887075834
1651993529,789,40.99783703785903,40.99783703785903,40.99783703785903
1651993529,789,50.87393293076593,50.87393293076593,50.87393293076593
1651993529,789,54.14887326769854,54.14887326769854,54.14887326769854
1651993529,789,5.8523582842041595,5.8523582842041595,5.8523582842041595
1651993529,789,29.837605824002807,29.837605824002807,29.837605824002807
1651993529,789,1.863350606828444,1.863350606828444,1.863350606828444
1651993529,789,3.1232289741208485,3.1232289741208485,3.1232289741208485
1651993529,789,27.295884306294372,27.295884306294372,27.295884306294372
1651993529,789,54.70875496006328,54.70875496006328,54.70875496006328
1651993529,789,42.740779734511875,42.740779734511875,42.740779734511875
1651993529,789,2.540251852366138,2.540251852366138,2.540251852366138
1651993529,789,9.98240374191589,9.98240374191589,9.98240374191589
1651993529,789,5.871592187477912,5.871592187477912,5.871592187477912
1651993529,789,5.0207443677547525,5.0207443677547525,5.0207443677547525
1651993529,789,36.489833150807314,36.489833150807314,36.489833150807314
1651993529,789,51.774363348317934,51.774363348317934,51.774363348317934
1651993529,789,38.78805618381874,38.78805618381874,38.78805618381874
1651993529,789,30.48104008249962,30.48104008249962,30.48104008249962
1651993529,789,29.780695055899884,29.780695055899884,29.780695055899884
1651993529,789,23.420141265034314,23.420141265034314,23.420141265034314
1651993529,789,50.50935004114567,50.50935004114567,50.50935004114567
1651993529,789,38.77535287480108,38.77535287480108,38.77535287480108
1651993529,789,39.09434903147036,39.09434903147036,39.09434903147036
1651993529,789,28.175500556223028,28.175500556223028,28.175500556223028
1651993529,789,40.34997461787893,40.34997461787893,40.34997461787893
1651993529,789,56.86475794163925,56.86475794163925,56.86475794163925
1651993529,789,3.6142925518514377,3.6142925518514377,3.6142925518514377
1651993529,789,37.680803847125716,37.680803847125716,37.680803847125716
1651993529,789,53.186366849595224,53.186366849595224,53.186366849595224
1651993529,789,25.15793700188221,25.15793700188221,25.15793700188221
1651993529,789,38.32103691415327,38.32103691415327,38.32103691415327
1651993529,789,18.917804569212013,18.917804569212013,18.917804569212013
1651993529,789,42.972960424139934,42.972960424139934,42.972960424139934
1651993529,789,19.465671427759847,19.465671427759847,19.465671427759847
1651993529,789,31.10563382477381,31.10563382477381,31.10563382477381
1651993529,789,25.465263152100505,25.465263152100505,25.465263152100505
1651993529,789,2.2604449157323714,2.2604449157323714,2.2604449157323714
1651993529,789,29.051232984633934,29.051232984633934,29.051232984633934
1651993529,789,37.406495439560544,37.406495439560544,37.406495439560544
1651993529,789,55.48422851376429,55.48422851376429,55.48422851376429
1651993529,789,37.304916867284135,37.304916867284135,37.304916867284135
1651993529,789,8.021455503195448,8.021455503195448,8.021455503195448
1651993529,789,47.906838883900626,47.906838883900626,47.906838883900626
1651993529,789,8.483707457602849,8.483707457602849,8.483707457602849
1651993529,789,49.882704725425434,49.882704725425434,49.882704725425434
1651993529,789,1.8287923067146172,1.8287923067146172,1.8287923067146172
1651993529,789,11.377426190554225,11.377426190554225,11.377426190554225
1651993529,789,35.065025109124825,35.065025109124825,35.065025109124825
1651993529,789,49.69676492211945,49.69676492211945,49.69676492211945
1651993529,789,6.188148834840303,6.188148834840303,6.188148834840303
1651993529,789,13.630845085865985,13.630845085865985,13.630845085865985
1651993529,789,26.927525878648805,26.927525878648805,26.927525878648805
1651993529,789,47.839622566247904,47.839622566247904,47.839622566247904
1651993529,789,18.579951883869807,18.579951883869807,18.579951883869807
1651993529,789,37.9621213177668,37.9621213177668,37.9621213177668
1651993529,789,13.214750966809277,13.214750966809277,13.214750966809277
1651993529,789,37.9927256502357,37.9927256502357,37.9927256502357
1651993529,789,53.61242866330408,53.61242866330408,53.61242866330408
1651993529,789,33.01583314582371,33.01583314582371,33.01583314582371
1651993529,789,36.50485604449378,36.50485604449378,36.50485604449378
1651993529,789,53.420921839606514,53.420921839606514,53.420921839606514
1651993529,789,20.229647321440204,20.229647321440204,20.229647321440204
1651993529,789,5.577405329904783,5.577405329904783,5.577405329904783
1651993529,789,43.783821919864984,43.783821919864984,43.783821919864984
1651993529,789,26.482867731635007,26.482867731635007,26.482867731635007
1651993529,789,51.232765306880665,51.232765306880665,51.232765306880665
1651993529,789,7.767914855764002,7.767914855764002,7.767914855764002
1651993529,789,30.169253828724127,30.169253828724127,30.169253828724127
1651993529,789,22.57923210348359,22.57923210348359,22.57923210348359
1651993529,789,24.485995656238234,24.485995656238234,24.485995656238234
1651993529,789,19.1304919383827,19.1304919383827,19.1304919383827
1651993529,789,51.83579935125802,51.83579935125802,51.83579935125802
1651993529,789,57.446865097421664,57.446865097421664,57.446865097421664
1651993529,789,7.68193074972956,7.68193074972956,7.68193074972956
1651993529,789,14.658953257602516,14.658953257602516,14.658953257602516
1651993529,789,12.663948256270062,12.663948256270062,12.663948256270062
1651993529,789,17.273278857563504,17.273278857563504,17.273278857563504
1651993529,789,13.65485987298819,13.65485987298819,13.65485987298819
1651993529,789,22.25055845893738,22.25055845893738,22.25055845893738
1651993529,789,25.05233048620468,25.05233048620468,25.05233048620468
1651993529,789,52.26368366869162,52.26368366869162,52.26368366869162
1651993529,789,26.01106899858266,26.01106899858266,26.01106899858266
1651993529,789,51.12153906701954,51.12153906701954,51.12153906701954
1651993529,789,54.27348091315092,54.27348091315092,54.27348091315092
1651993529,789,36.65851663545213,36.65851663545213,36.65851663545213
1651993529,789,30.273518134631107,30.273518134631107,30.273518134631107
1651993529,789,37.910602669161335,37.910602669161335,37.910602669161335
1651993529,789,5.104777361383781,5.104777361383781,5.104777361383781
1651993529,789,51.21831304562787,51.21831304562787,51.21831304562787
1651993529,789,52.90047039493715,52.90047039493715,52.90047039493715
1651993529,789,6.315085634523849,6.315085634523849,6.315085634523849
1651993529,789,32.48719495620891,32.48719495620891,32.48719495620891
1651993529,789,43.67543926944861,43.67543926944861,43.67543926944861
1651993529,789,16.926458178894293,16.926458178894293,16.926458178894293
1651993529,789,30.933500441972726,30.933500441972726,30.933500441972726
1651993529,789,5.714847618672327,5.714847618672327,5.714847618672327
1651993529,789,25.121674215137475,25.121674215137475,25.121674215137475
1651993529,789,22.976766935309158,22.976766935309158,22.976766935309158
1651993529,789,52.7207939633208,52.7207939633208,52.7207939633208
1651993529,789,29.6983553108019,29.6983553108019,29.6983553108019
1651993529,789,29.48210375676623,29.48210375676623,29.48210375676623
1651993529,789,7.449386137845832,7.449386137845832,7.449386137845832
1651993529,789,32.00069030286481,32.00069030286481,32.00069030286481
1651993529,789,49.702258735924836,49.702258735924836,49.702258735924836
1651993529,789,52.70532438980697,52.70532438980697,52.70532438980697
1651993529,789,31.495123258387945,31.495123258387945,31.495123258387945
1651993529,789,23.047611651898645,23.047611651898645,23.047611651898645
1651993529,789,33.92803372349654,33.92803372349654,33.92803372349654
1651993529,789,52.36508721851948,52.36508721851948,52.36508721851948
1651993529,789,17.48193157857491,17.48193157857491,17.48193157857491
1651993529,789,54.16829963613223,54.16829963613223,54.16829963613223
1651993529,789,8.823314807748995,8.823314807748995,8.823314807748995
1651993529,789,28.727195874134615,28.727195874134615,28.727195874134615
1651993529,789,7.089351256792268,7.089351256792268,7.089351256792268
1651993529,789,25.791866123544803,25.791866123544803,25.791866123544803
1651993529,789,8.311171696512066,8.311171696512066,8.311171696512066
1651993529,789,1.02808979857666,1.02808979857666,1.02808979857666
1651993529,789,51.09892050951052,51.09892050951052,51.09892050951052
1651993529,789,9.542655589811122,9.542655589811122,9.542655589811122
1651993529,789,22.85148656847453,22.85148656847453,22.85148656847453
1651993529,789,13.988947568413078,13.988947568413078,13.988947568413078
1651993529,789,22.138013582991725,22.138013582991725,22.138013582991725
1651993529,789,12.660406749863297,12.660406749863297,12.660406749863297
1651993529,789,50.13592827222978,50.13592827222978,50.13592827222978
1651993529,789,39.18100326202215,39.18100326202215,39.18100326202215
1651993529,789,35.59834458540087,35.59834458540087,35.59834458540087
1651993529,789,12.056193494995961,12.056193494995961,12.056193494995961
1651993529,789,18.9140425706551,18.9140425706551,18.9140425706551
1651993529,789,33.167483730510845,33.167483730510845,33.167483730510845
1651993529,789,31.015251496913482,31.015251496913482,31.015251496913482
1651993529,789,45.71594597879179,45.71594597879179,45.71594597879179
1651993529,789,44.614625932915686,44.614625932915686,44.614625932915686
1651993529,789,28.97555006422059,28.97555006422059,28.97555006422059
1651993529,789,2.4232189885094813,2.4232189885094813,2.4232189885094813
1651993529,789,23.565662952838736,23.565662952838736,23.565662952838736
1651993529,789,51.39930237461928,51.39930237461928,51.39930237461928
1651993529,789,33.84482100209451,33.84482100209451,33.84482100209451
1651993529,789,18.140380368844873,18.140380368844873,18.140380368844873
1651993529,789,37.772391777543504,37.772391777543504,37.772391777543504
1651993529,789,9.370482792541784,9.370482792541784,9.370482792541784
1651993529,789,44.329761046730155,44.329761046730155,44.329761046730155
1651993529,789,43.82680339206013,43.82680339206013,43.82680339206013
1651993529,789,38.695188462567856,38.695188462567856,38.695188462567856
1651993529,789,31.02813839261442,31.02813839261442,31.02813839261442
1651993529,789,1.1718673293362147,1.1718673293362147,1.1718673293362147
1651993529,789,24.226069214960795,24.226069214960795,24.226069214960795
1651993529,789,52.61554602396916,52.61554602396916,52.61554602396916
1651993529,789,33.080931363881724,33.080931363881724,33.080931363881724
1651993529,789,25.301299762597612,25.301299762597612,25.301299762597612
1651993529,789,15.615274533126522,15.615274533126522,15.615274533126522
1651993529,789,34.838308047513245,34.838308047513245,34.838308047513245
1651993529,789,6.037193370867903,6.037193370867903,6.037193370867903
1651993529,789,4.5071592589367695,4.5071592589367695,4.5071592589367695
1651993529,789,54.59974524965206,54.59974524965206,54.59974524965206
1651993529,789,12.45618388040603,12.45618388040603,12.45618388040603
1651993529,789,24.900725379673098,24.900725379673098,24.900725379673098
1651993529,789,33.243518437909934,33.243518437909934,33.243518437909934
1651993529,789,32.87966778543984,32.87966778543984,32.87966778543984
1651993529,789,25.120362683973113,25.120362683973113,25.120362683973113
1651993529,789,37.63863230303103,37.63863230303103,37.63863230303103
1651993529,789,8.130598039784077,8.130598039784077,8.130598039784077
1651993529,789,15.891893249125971,15.891893249125971,15.891893249125971
1651993529,789,29.496936238572733,29.496936238572733,29.496936238572733
1651993529,789,8.19777325850065,8.19777325850065,8.19777325850065
1651993529,789,28.153531218930727,28.153531218930727,28.153531218930727
1651993529,789,24.101409571586796,24.101409571586796,24.101409571586796
1651993529,789,37.440831962428916,37.440831962428916,37.440831962428916
1651993529,789,27.097673327247925,27.097673327247925,27.097673327247925
1651993529,789,30.3966235765632,30.3966235765632,30.3966235765632
1651993529,789,21.56592679399614,21.56592679399614,21.56592679399614
1651993529,789,46.908825773280206,46.908825773280206,46.908825773280206
1651993529,789,1.8522400008392734,1.8522400008392734,1.8522400008392734
1651993529,789,38.6332315818172,38.6332315818172,38.6332315818172
1651993529,789,1.0651997199788625,1.0651997199788625,1.0651997199788625
1651993529,789,20.983256174495683,20.983256174495683,20.983256174495683
1651993529,789,28.732057989126876,28.732057989126876,28.732057989126876
1651993529,789,10.683162527905749,10.683162527905749,10.683162527905749
1651993529,789,14.633675244526737,14.633675244526737,14.633675244526737
1651993529,789,2.054523115897552,2.054523115897552,2.054523115897552
1651993529,789,48.039594727464696,48.039594727464696,48.039594727464696
1651993529,789,55.09141283783712,55.09141283783712,55.09141283783712
1651993529,789,24.695966636237458,24.695966636237458,24.695966636237458
1651993529,789,14.774610106115354,14.774610106115354,14.774610106115354
1651993529,789,54.690648934274456,54.690648934274456,54.690648934274456
1651993529,789,32.216483372151046,32.216483372151046,32.216483372151046
1651993529,789,17.196543647002763,17.196543647002763,17.196543647002763
1651993529,789,16.108363577427458,16.108363577427458,16.108363577427458
1651993529,789,35.53782069404033,35.53782069404033,35.53782069404033
1651993529,789,33.345848369993895,33.345848369993895,33.345848369993895
1651993529,789,26.788779124139996,26.788779124139996,26.788779124139996
1651993529,789,41.73570006399791,41.73570006399791,41.73570006399791
1651993529,789,18.835117097276566,18.835117097276566,18.835117097276566
1651993529,789,11.241657720904746,11.241657720904746,11.241657720904746
1651993529,789,51.42240719141156,51.42240719141156,51.42240719141156
1651993529,789,42.83345204955279,42.83345204955279,42.83345204955279
1651993529,789,37.45521993335979,37.45521993335979,37.45521993335979
1651993529,789,29.715619376593647,29.715619376593647,29.715619376593647
1651993529,789,43.12205597345293,43.12205597345293,43.12205597345293
1651993529,789,54.95668634557409,54.95668634557409,54.95668634557409
1651993529,789,45.14683499776006,45.14683499776006,45.14683499776006
1651993529,789,55.79036968775877,55.79036968775877,55.79036968775877
1651993529,789,55.65700861956892,55.65700861956892,55.65700861956892
1651993529,789,48.34078366179949,48.34078366179949,48.34078366179949
1651993529,789,1.908201286056224,1.908201286056224,1.908201286056224
1651993529,789,34.27923940354694,34.27923940354694,34.27923940354694
1651993529,789,10.459465387432829,10.459465387432829,10.459465387432829
1651993529,789,44.68521867111923,44.68521867111923,44.68521867111923
1651993529,789,46.64054232245175,46.64054232245175,46.64054232245175
1651993529,789,37.487697912681774,37.487697912681774,37.487697912681774
1651993529,789,22.685574714979996,22.685574714979996,22.685574714979996
1651993529,789,22.766969811730757,22.766969811730757,22.766969811730757
1651993529,789,22.662205436756643,22.662205436756643,22.662205436756643
1651993529,789,48.1703075651616,48.1703075651616,48.1703075651616
1651993529,789,37.24031423962971,37.24031423962971,37.24031423962971
1651993529,789,25.348524878594244,25.348524878594244,25.348524878594244
1651993529,789,54.57080173056878,54.57080173056878,54.57080173056878
1651993529,789,38.849659861493166,38.849659861493166,38.849659861493166
1651993529,789,35.31405252643695,35.31405252643695,35.31405252643695
1651993529,789,4.30084236893579,4.30084236893579,4.30084236893579
1651993529,789,37.491716574098284,37.491716574098284,37.491716574098284
1651993529,789,39.22168510448016,39.22168510448016,39.22168510448016
1651993529,789,56.01386428846494,56.01386428846494,56.01386428846494
1651993529,789,29.347565816099028,29.347565816099028,29.347565816099028
1651993529,789,12.058657254700783,12.058657254700783,12.058657254700783
1651993529,789,14.08080841451845,14.08080841451845,14.08080841451845
1651993529,789,52.85635094664216,52.85635094664216,52.85635094664216
1651993529,789,56.82613910274401,56.82613910274401,56.82613910274401
1651993529,789,45.344984496467944,45.344984496467944,45.344984496467944
1651993529,789,51.00739512750146,51.00739512750146,51.00739512750146
1651993529,789,17.862590404106847,17.862590404106847,17.862590404106847
1651993529,789,53.78224537745332,53.78224537745332,53.78224537745332
1651993529,789,12.703752135749678,12.703752135749678,12.703752135749678
1651993529,789,24.31477374658567,24.31477374658567,24.31477374658567
1651993529,789,26.2340402085515,26.2340402085515,26.2340402085515
1651993529,789,5.6836836679085945,5.6836836679085945,5.6836836679085945
1651993529,789,40.75370638120252,40.75370638120252,40.75370638120252
1651993529,789,36.788686800634906,36.788686800634906,36.788686800634906
1651993529,789,15.059899681120555,15.059899681120555,15.059899681120555
1651993529,789,48.4345292853048,48.4345292853048,48.4345292853048
1651993529,789,53.29859450890919,53.29859450890919,53.29859450890919
1651993529,789,55.460809527731044,55.460809527731044,55.460809527731044
1651993529,789,7.316698858968061,7.316698858968061,7.316698858968061
1651993529,789,41.46163023403495,41.46163023403495,41.46163023403495
1651993529,789,34.4706197135059,34.4706197135059,34.4706197135059
1651993529,789,8.738390433905849,8.738390433905849,8.738390433905849
1651993529,789,25.020611432753345,25.020611432753345,25.020611432753345
1651993529,789,51.333538085892364,51.333538085892364,51.333538085892364
1651993529,789,7.75651670349172,7.75651670349172,7.75651670349172
1651993529,789,21.75444496108273,21.75444496108273,21.75444496108273
1651993529,789,31.143475667562743,31.143475667562743,31.143475667562743
1651993529,789,52.97196087119388,52.97196087119388,52.97196087119388
1651993529,789,49.84707240131609,49.84707240131609,49.84707240131609
1651993529,789,36.0380720519483,36.0380720519483,36.0380720519483
1651993529,789,53.16003708477194,53.16003708477194,53.16003708477194
1651993529,789,14.481208433296981,14.481208433296981,14.481208433296981
1651993529,789,9.129154153812525,9.129154153812525,9.129154153812525
1651993529,789,26.861432907310103,26.861432907310103,26.861432907310103
1651993529,789,47.09991280629674,47.09991280629674,47.09991280629674
1651993529,789,22.672823805842096,22.672823805842096,22.672823805842096
1651993529,789,4.8682086081978575,4.8682086081978575,4.8682086081978575
1651993529,789,56.998413137375906,56.998413137375906,56.998413137375906
1651993529,789,51.42123787708309,51.42123787708309,51.42123787708309
1651993529,789,17.814473585130802,17.814473585130802,17.814473585130802
1651993529,789,34.88584958437473,34.88584958437473,34.88584958437473
1651993529,789,33.89915640784218,33.89915640784218,33.89915640784218
1651993529,789,35.651854596645485,35.651854596645485,35.651854596645485
1651993529,789,9.678876730415448,9.678876730415448,9.678876730415448
1651993529,789,5.918534433864387,5.918534433864387,5.918534433864387
1651993529,789,21.96597814402591,21.96597814402591,21.96597814402591
1651993529,789,23.784928311377925,23.784928311377925,23.784928311377925
1651993529,789,51.120071585588924,51.120071585588924,51.120071585588924
1651993529,789,7.119442594791439,7.119442594791439,7.119442594791439
1651993529,789,45.46884292892888,45.46884292892888,45.46884292892888
1651993529,789,10.544444392715208,10.544444392715208,10.544444392715208
1651993529,789,15.179728066467467,15.179728066467467,15.179728066467467
1651993529,789,46.479525562654096,46.479525562654096,46.479525562654096
1651993529,789,17.124643148216652,17.124643148216652,17.124643148216652
1651993529,789,36.53488857724138,36.53488857724138,36.53488857724138
1651993529,789,56.059202425851446,56.059202425851446,56.059202425851446
1651993529,789,50.76901872730569,50.76901872730569,50.76901872730569
1651993529,789,41.05403183876665,41.05403183876665,41.05403183876665
1651993529,789,11.047956874765951,11.047956874765951,11.047956874765951
1651993529,789,44.0495654504775,44.0495654504775,44.0495654504775
1651993529,789,44.892012143959406,44.892012143959406,44.892012143959406
1651993529,789,22.354782438349407,22.354782438349407,22.354782438349407
1651993529,789,32.17518487374985,32.17518487374985,32.17518487374985
1651993529,789,13.89828506168656,13.89828506168656,13.89828506168656
1651993529,789,24.457374646606713,24.457374646606713,24.457374646606713
1651993529,789,31.315944190622268,31.315944190622268,31.315944190622268
1651993529,789,14.671658720351456,14.671658720351456,14.671658720351456
1651993529,789,22.79006209913742,22.79006209913742,22.79006209913742
1651993529,789,41.30609404613956,41.30609404613956,41.30609404613956
1651993529,789,27.781139363627055,27.781139363627055,27.781139363627055
1651993529,789,6.73054370173878,6.73054370173878,6.73054370173878
1651993529,789,34.58636186061274,34.58636186061274,34.58636186061274
1651993529,789,19.242590450665258,19.242590450665258,19.242590450665258
1651993529,789,21.4773805016986,21.4773805016986,21.4773805016986
1651993529,789,19.668000670234452,19.668000670234452,19.668000670234452
1651993529,789,24.813347668914446,24.813347668914446,24.813347668914446
1651993529,789,35.304633960944976,35.304633960944976,35.304633960944976
1651993529,789,26.474251171581713,26.474251171581713,26.474251171581713
1651993529,789,9.656634091646598,9.656634091646598,9.656634091646598
1651993529,789,46.52890292420564,46.52890292420564,46.52890292420564
1651993529,789,57.697496154159246,57.697496154159246,57.697496154159246
1651993529,789,24.713797545488088,24.713797545488088,24.713797545488088
1651993529,789,43.511288288783426,43.511288288783426,43.511288288783426
1651993529,789,30.65317417415455,30.65317417415455,30.65317417415455
1651993529,789,28.05818492199142,28.05818492199142,28.05818492199142
1651993529,789,25.543361242677967,25.543361242677967,25.543361242677967
1651993529,789,57.47922229182785,57.47922229182785,57.47922229182785
1651993529,789,8.47801364041851,8.47801364041851,8.47801364041851
1651993529,789,5.68693631898924,5.68693631898924,5.68693631898924
1651993529,789,20.070180286724376,20.070180286724376,20.070180286724376
1651993529,789,36.91465068064113,36.91465068064113,36.91465068064113
1651993529,789,6.495975512814776,6.495975512814776,6.495975512814776
1651993529,789,48.72108629065812,48.72108629065812,48.72108629065812
1651993529,789,50.56489294945859,50.56489294945859,50.56489294945859
1651993529,789,2.658235241881908,2.658235241881908,2.658235241881908
1651993529,789,51.06858015224287,51.06858015224287,51.06858015224287
1651993529,789,35.9657684236674,35.9657684236674,35.9657684236674
1651993529,789,8.488353357741557,8.488353357741557,8.488353357741557
1651993529,789,3.5590558912085526,3.5590558912085526,3.5590558912085526
1651993529,789,32.361100077263224,32.361100077263224,32.361100077263224
1651993529,789,28.403016095774518,28.403016095774518,28.403016095774518
1651993529,789,2.8803709574882657,2.8803709574882657,2.8803709574882657
1651993529,789,17.08886078525179,17.08886078525179,17.08886078525179
1651993529,789,26.228259704253418,26.228259704253418,26.228259704253418
1651993529,789,9.703540121434095,9.703540121434095,9.703540121434095
1651993529,789,54.840981699777444,54.840981699777444,54.840981699777444
1651993529,789,53.20180396489816,53.20180396489816,53.20180396489816
1651993529,789,9.725235685135125,9.725235685135125,9.725235685135125
1651993529,789,38.28529537166773,38.28529537166773,38.28529537166773
1651993529,789,43.62665421829796,43.62665421829796,43.62665421829796
1651993529,789,45.50311867165784,45.50311867165784,45.50311867165784
1651993529,789,53.22911567137248,53.22911567137248,53.22911567137248
1651993529,789,14.546186932326725,14.546186932326725,14.546186932326725
1651993529,789,24.401682962563754,24.401682962563754,24.401682962563754
1651993529,789,43.06994321311076,43.06994321311076,43.06994321311076
1651993529,789,9.706464366763075,9.706464366763075,9.706464366763075
1651993529,789,43.172241132064755,43.172241132064755,43.172241132064755
1651993529,789,1.1206415122359428,1.1206415122359428,1.1206415122359428
1651993529,789,45.93871085140578,45.93871085140578,45.93871085140578
1651993529,789,6.63945228666665,6.63945228666665,6.63945228666665
1651993529,789,42.0588025481525,42.0588025481525,42.0588025481525
1651993529,789,21.40456869770183,21.40456869770183,21.40456869770183
1651993529,789,31.853127909519102,31.853127909519102,31.853127909519102
1651993529,789,31.63420020705011,31.63420020705011,31.63420020705011
1651993529,789,56.5282232426936,56.5282232426936,56.5282232426936
1651993529,789,21.47536818524769,21.47536818524769,21.47536818524769
1651993529,789,44.22030665075151,44.22030665075151,44.22030665075151
1651993529,789,20.732609443791368,20.732609443791368,20.732609443791368
1651993529,789,21.27543132352458,21.27543132352458,21.27543132352458
1651993529,789,49.52082055261799,49.52082055261799,49.52082055261799
1651993529,789,26.949077876313115,26.949077876313115,26.949077876313115
1651993529,789,7.685655076431534,7.685655076431534,7.685655076431534
1651993529,789,45.343106925887746,45.343106925887746,45.343106925887746
1651993529,789,23.883683602413846,23.883683602413846,23.883683602413846
1651993529,789,54.70065291068545,54.70065291068545,54.70065291068545
1651993529,789,34.43735413209465,34.43735413209465,34.43735413209465
1651993529,789,1.945810026520263,1.945810026520263,1.945810026520263
1651993529,789,38.689320587924264,38.689320587924264,38.689320587924264
1651993529,789,52.8129081311821,52.8129081311821,52.8129081311821
1651993529,789,46.66043607032057,46.66043607032057,46.66043607032057
1651993529,789,3.4159867862010773,3.4159867862010773,3.4159867862010773
1651993529,789,33.43824272157261,33.43824272157261,33.43824272157261
1651993529,789,49.76301856023886,49.76301856023886,49.76301856023886
1651993529,789,41.44632959410218,41.44632959410218,41.44632959410218
1651993529,789,24.071422950940168,24.071422950940168,24.071422950940168
1651993529,789,3.7069163647518146,3.7069163647518146,3.7069163647518146
1651993529,789,53.332469893247065,53.332469893247065,53.332469893247065
1651993529,789,44.14960903091217,44.14960903091217,44.14960903091217
1651993529,789,3.9276947829123867,3.9276947829123867,3.9276947829123867
1651993529,789,42.93860311933928,42.93860311933928,42.93860311933928
1651993529,789,56.47492402613153,56.47492402613153,56.47492402613153
1651993529,789,4.6188955150797755,4.6188955150797755,4.6188955150797755
1651993529,789,21.61085423283875,21.61085423283875,21.61085423283875
1651993529,789,52.476643392046924,52.476643392046924,52.476643392046924
1651993529,789,34.89154241581301,34.89154241581301,34.89154241581301
1651993529,789,38.08767902574786,38.08767902574786,38.08767902574786
1651993529,789,49.55171336287176,49.55171336287176,49.55171336287176
1651993529,789,22.824124580956173,22.824124580956173,22.824124580956173
1651993529,789,0.7353946042330519,0.7353946042330519,0.7353946042330519
1651993529,789,4.32014860518572,4.32014860518572,4.32014860518572
1651993529,789,21.27620144668381,21.27620144668381,21.27620144668381
1651993529,789,32.14785009135698,32.14785009135698,32.14785009135698
1651993529,789,13.341580436920212,13.341580436920212,13.341580436920212
1651993529,789,55.12736871930691,55.12736871930691,55.12736871930691
1651993529,789,24.17563543449788,24.17563543449788,24.17563543449788
1651993529,789,29.7866464306752,29.7866464306752,29.7866464306752
1651993529,789,50.22594217336688,50.22594217336688,50.22594217336688
1651993529,789,11.46053623837274,11.46053623837274,11.46053623837274
1651993529,789,1.289177990520006,1.289177990520006,1.289177990520006
1651993529,789,0.8538514324424856,0.8538514324424856,0.8538514324424856
1651993529,789,8.513284979591349,8.513284979591349,8.513284979591349
1651993529,789,7.312485532704902,7.312485532704902,7.312485532704902
1651993529,789,14.72427543349672,14.72427543349672,14.72427543349672
1651993529,789,20.615860424047156,20.615860424047156,20.615860424047156
1651993529,789,40.181866604565975,40.181866604565975,40.181866604565975
1651993529,789,29.209386215385376,29.209386215385376,29.209386215385376
1651993529,789,41.04835429153564,41.04835429153564,41.04835429153564
1651993529,789,35.933649404954046,35.933649404954046,35.933649404954046
1651993529,789,54.56672568444475,54.56672568444475,54.56672568444475
1651993529,789,50.04426236083023,50.04426236083023,50.04426236083023
1651993529,789,4.5424455353203275,4.5424455353203275,4.5424455353203275
1651993529,789,38.44903972103294,38.44903972103294,38.44903972103294
1651993529,789,56.056024325095116,56.056024325095116,56.056024325095116
1651993529,789,57.316094351702866,57.316094351702866,57.316094351702866
1651993529,789,31.010799534555876,31.010799534555876,31.010799534555876
1651993529,789,26.64538887548212,26.64538887548212,26.64538887548212
1651993529,789,28.304523709143883,28.304523709143883,28.304523709143883
1651993529,789,26.84871405360354,26.84871405360354,26.84871405360354
1651993529,789,57.32560832252781,57.32560832252781,57.32560832252781
1651993529,789,14.165475810788024,14.165475810788024,14.165475810788024
1651993529,789,25.044311642188333,25.044311642188333,25.044311642188333
1651993529,789,49.09938051661424,49.09938051661424,49.09938051661424
1651993529,789,52.931333597648646,52.931333597648646,52.931333597648646
1651993529,789,25.939092388546463,25.939092388546463,25.939092388546463
1651993529,789,13.522816440428844,13.522816440428844,13.522816440428844
1651993529,789,5.9587297327025,5.9587297327025,5.9587297327025
1651993529,789,26.464942488890202,26.464942488890202,26.464942488890202
1651993529,789,50.51733717555095,50.51733717555095,50.51733717555095
1651993529,789,12.608180428791815,12.608180428791815,12.608180428791815
1651993529,789,57.62874468841181,57.62874468841181,57.62874468841181
1651993529,789,8.717345209583844,8.717345209583844,8.717345209583844
1651993529,789,8.40302861627003,8.40302861627003,8.40302861627003
1651993529,789,35.11780544839866,35.11780544839866,35.11780544839866
1651993529,789,36.52344677148102,36.52344677148102,36.52344677148102
1651993529,789,53.521167185738065,53.521167185738065,53.521167185738065
1651993529,789,12.147650659916305,12.147650659916305,12.147650659916305
1651993529,789,38.605144133536065,38.605144133536065,38.605144133536065
1651993529,789,33.67993492859183,33.67993492859183,33.67993492859183
1651993529,789,38.7117155936716,38.7117155936716,38.7117155936716
1651993529,789,29.50035779633916,29.50035779633916,29.50035779633916
1651993529,789,41.52696488239626,41.52696488239626,41.52696488239626
1651993529,789,52.380283376329125,52.380283376329125,52.380283376329125
1651993529,789,38.68870283274486,38.68870283274486,38.68870283274486
1651993529,789,57.399888999576824,57.399888999576824,57.399888999576824
1651993529,789,2.441306801324739,2.441306801324739,2.441306801324739
1651993529,789,25.140886465185257,25.140886465185257,25.140886465185257
1651993529,789,52.19319165224812,52.19319165224812,52.19319165224812
1651993529,789,18.853337872207504,18.853337872207504,18.853337872207504
1651993529,789,53.136928879670315,53.136928879670315,53.136928879670315
1651993529,789,42.16633496994842,42.16633496994842,42.16633496994842
1651993529,789,34.87353843225643,34.87353843225643,34.87353843225643
1651993529,789,52.22996512181266,52.22996512181266,52.22996512181266
1651993529,789,11.305229378067336,11.305229378067336,11.305229378067336
1651993529,789,36.159294374771335,36.159294374771335,36.159294374771335
1651993529,789,31.29301958437809,31.29301958437809,31.29301958437809
1651993529,789,49.86925577909285,49.86925577909285,49.86925577909285
1651993529,789,26.48600605628958,26.48600605628958,26.48600605628958
1651993529,789,38.58342966524472,38.58342966524472,38.58342966524472
1651993529,789,9.9347603058725,9.9347603058725,9.9347603058725
1651993529,789,15.128592197749924,15.128592197749924,15.128592197749924
1651993529,789,17.73919057556397,17.73919057556397,17.73919057556397
1651993529,789,12.016537887081432,12.016537887081432,12.016537887081432
1651993529,789,44.416783477457095,44.416783477457095,44.416783477457095
1651993529,789,23.23178439018075,23.23178439018075,23.23178439018075
1651993529,789,38.64337377926722,38.64337377926722,38.64337377926722
1651993529,789,20.73255867428125,20.73255867428125,20.73255867428125
1651993529,789,33.36460772118847,33.36460772118847,33.36460772118847
1651993529,789,7.2341607731460655,7.2341607731460655,7.2341607731460655
1651993529,789,12.485138115940847,12.485138115940847,12.485138115940847
1651993529,789,54.7816252435528,54.7816252435528,54.7816252435528
1651993529,789,10.412006264374916,10.412006264374916,10.412006264374916
1651993529,789,15.77294739951539,15.77294739951539,15.77294739951539
1651993529,789,24.337353914032505,24.337353914032505,24.337353914032505
1651993529,789,3.890372596358687,3.890372596358687,3.890372596358687
1651993529,789,18.871735567762013,18.871735567762013,18.871735567762013
1651993529,789,20.898238305519797,20.898238305519797,20.898238305519797
1651993529,789,46.03156229042537,46.03156229042537,46.03156229042537
1651993529,789,46.435409809475935,46.435409809475935,46.435409809475935
1651993529,789,20.706190022219694,20.706190022219694,20.706190022219694
1651993529,789,4.685776195638751,4.685776195638751,4.685776195638751
1651993529,789,38.977414887493964,38.977414887493964,38.977414887493964
1651993529,789,38.799652509684265,38.799652509684265,38.799652509684265
1651993529,789,5.367383098380837,5.367383098380837,5.367383098380837
1651993529,789,33.73513233329711,33.73513233329711,33.73513233329711
1651993529,789,52.81571985745935,52.81571985745935,52.81571985745935
1651993529,789,15.638396245120969,15.638396245120969,15.638396245120969
1651993529,789,27.08568595386249,27.08568595386249,27.08568595386249
1651993529,789,33.3311258325229,33.3311258325229,33.3311258325229
1651993529,789,11.411112484313533,11.411112484313533,11.411112484313533
1651993529,789,56.85333702336971,56.85333702336971,56.85333702336971
1651993529,789,44.0617293615757,44.0617293615757,44.0617293615757
1651993529,789,56.57133395092076,56.57133395092076,56.57133395092076
1651993529,789,40.50200357079369,40.50200357079369,40.50200357079369
1651993529,789,25.226637365637206,25.226637365637206,25.226637365637206
1651993529,789,51.60136092141821,51.60136092141821,51.60136092141821
1651993529,789,28.59637784677277,28.59637784677277,28.59637784677277
1651993529,789,47.25088061826232,47.25088061826232,47.25088061826232
1651993529,789,3.0661714704898446,3.0661714704898446,3.0661714704898446
1651993529,789,27.77626182701078,27.77626182701078,27.77626182701078
1651993529,789,47.59865222942955,47.59865222942955,47.59865222942955
1651993529,789,54.840184633917715,54.840184633917715,54.840184633917715
1651993529,789,15.137098407749555,15.137098407749555,15.137098407749555
1651993529,789,19.608140438326426,19.608140438326426,19.608140438326426
1651993529,789,18.85277297170676,18.85277297170676,18.85277297170676
1651993529,789,31.36124623961255,31.36124623961255,31.36124623961255
1651993529,789,3.1100455955148396,3.1100455955148396,3.1100455955148396
1651993529,789,36.98976202138492,36.98976202138492,36.98976202138492
1651993529,789,17.79778942654362,17.79778942654362,17.79778942654362
1651993529,789,47.125373163416285,47.125373163416285,47.125373163416285
1651993529,789,29.425084342317536,29.425084342317536,29.425084342317536
1651993529,789,48.14585197990728,48.14585197990728,48.14585197990728
1651993529,789,32.38455048913716,32.38455048913716,32.38455048913716
1651993529,789,47.30026184154793,47.30026184154793,47.30026184154793
1651993529,789,11.27320089794702,11.27320089794702,11.27320089794702
1651993529,789,38.002099984780045,38.002099984780045,38.002099984780045
1651993529,789,28.925374665301902,28.925374665301902,28.925374665301902
1651993529,789,5.258263706245769,5.258263706245769,5.258263706245769
1651993529,789,27.515402069788813,27.515402069788813,27.515402069788813
1651993529,789,40.75567724442908,40.75567724442908,40.75567724442908
1651993529,789,16.293428562141134,16.293428562141134,16.293428562141134
1651993529,789,2.6599436536683845,2.6599436536683845,2.6599436536683845
1651993529,789,14.443020337146555,14.443020337146555,14.443020337146555
1651993529,789,52.99668718622244,52.99668718622244,52.99668718622244
1651993529,789,13.997395837695564,13.997395837695564,13.997395837695564
1651993529,789,52.65281044235428,52.65281044235428,52.65281044235428
1651993529,789,50.58231698799249,50.58231698799249,50.58231698799249
1651993529,789,45.67555386949221,45.67555386949221,45.67555386949221
1651993529,789,12.187510577615413,12.187510577615413,12.187510577615413
1651993529,789,37.034059867705956,37.034059867705956,37.034059867705956
1651993529,789,26.962950410268643,26.962950410268643,26.962950410268643
1651993529,789,38.1185780321993,38.1185780321993,38.1185780321993
1651993529,789,11.210044945604428,11.210044945604428,11.210044945604428
1651993529,789,38.849291640392785,38.849291640392785,38.849291640392785
1651993529,789,13.736565554853366,13.736565554853366,13.736565554853366
1651993529,789,9.199734801438172,9.199734801438172,9.199734801438172
1651993529,789,31.87085617411529,31.87085617411529,31.87085617411529
1651993529,789,49.03114805802624,49.03114805802624,49.03114805802624
1651993529,789,53.113359994451194,53.113359994451194,53.113359994451194
1651993529,789,38.06396970564022,38.06396970564022,38.06396970564022
1651993529,789,34.930160350455274,34.930160350455274,34.930160350455274
1651993529,789,24.494117006950447,24.494117006950447,24.494117006950447
1651993529,789,48.66341606655448,48.66341606655448,48.66341606655448
1651993529,789,52.92615793193285,52.92615793193285,52.92615793193285
1651993529,789,49.35786845810426,49.35786845810426,49.35786845810426
1651993529,789,45.479043060405466,45.479043060405466,45.479043060405466
1651993529,789,36.32661892463619,36.32661892463619,36.32661892463619
1651993529,789,13.290685538021709,13.290685538021709,13.290685538021709
1651993529,789,48.74382943192065,48.74382943192065,48.74382943192065
1651993529,789,54.45478789028682,54.45478789028682,54.45478789028682
1651993529,789,16.11068636556074,16.11068636556074,16.11068636556074
1651993529,789,44.31499124066859,44.31499124066859,44.31499124066859
1651993529,789,48.97785457429783,48.97785457429783,48.97785457429783
1651993529,789,13.811668397986573,13.811668397986573,13.811668397986573
1651993529,789,10.955063486293746,10.955063486293746,10.955063486293746
1651993529,789,33.77454957470241,33.77454957470241,33.77454957470241
1651993529,789,21.92119774554377,21.92119774554377,21.92119774554377
1651993529,789,5.485941446391838,5.485941446391838,5.485941446391838
1651993529,789,49.6272234225008,49.6272234225008,49.6272234225008
1651993529,789,31.05700469692426,31.05700469692426,31.05700469692426
1651993529,789,4.957768524638596,4.957768524638596,4.957768524638596
1651993529,789,52.58745561874848,52.58745561874848,52.58745561874848
1651993529,789,22.038151013536154,22.038151013536154,22.038151013536154
1651993529,789,36.38773487027878,36.38773487027878,36.38773487027878
1651993529,789,22.3299927584479,22.3299927584479,22.3299927584479
1651993529,789,47.69961691445468,47.69961691445468,47.69961691445468
1651993529,789,9.728897800137778,9.728897800137778,9.728897800137778
1651993529,789,43.92668236550651,43.92668236550651,43.92668236550651
1651993529,789,3.25591560260668,3.25591560260668,3.25591560260668
1651993529,789,7.539269797820774,7.539269797820774,7.539269797820774
1651993529,789,36.03866342382537,36.03866342382537,36.03866342382537
1651993529,789,9.28384111368891,9.28384111368891,9.28384111368891
1651993529,789,49.76637764259711,49.76637764259711,49.76637764259711
1651993529,789,56.26844474126581,56.26844474126581,56.26844474126581
1651993529,789,11.367687149603661,11.367687149603661,11.367687149603661
1651993529,789,40.08158557744927,40.08158557744927,40.08158557744927
1651993529,789,19.76698565759738,19.76698565759738,19.76698565759738
1651993529,789,17.571202910256883,17.571202910256883,17.571202910256883
1651993529,789,53.077044010401245,53.077044010401245,53.077044010401245
1651993529,789,10.246161964005134,10.246161964005134,10.246161964005134
1651993529,789,48.1411997476018,48.1411997476018,48.1411997476018
1651993529,789,10.641376355670065,10.641376355670065,10.641376355670065
1651993529,789,45.83145956294038,45.83145956294038,45.83145956294038
1651993529,789,50.83048080236829,50.83048080236829,50.83048080236829
1651993529,789,11.246165895932576,11.246165895932576,11.246165895932576
1651993529,789,16.296677501211725,16.296677501211725,16.296677501211725
1651993529,789,18.757115689898825,18.757115689898825,18.757115689898825
1651993529,789,51.08646887618052,51.08646887618052,51.08646887618052
1651993529,789,34.00538258489166,34.00538258489166,34.00538258489166
1651993529,789,48.23225573141147,48.23225573141147,48.23225573141147
1651993529,789,56.490400705469305,56.490400705469305,56.490400705469305
1651993529,789,41.47466050854374,41.47466050854374,41.47466050854374
1651993529,789,56.233248464858505,56.233248464858505,56.233248464858505
1651993529,789,8.463191213189013,8.463191213189013,8.463191213189013
1651993529,789,39.64532561938042,39.64532561938042,39.64532561938042
1651993529,789,34.616528009622265,34.616528009622265,34.616528009622265
1651993529,789,20.253260640098063,20.253260640098063,20.253260640098063
1651993529,789,34.55124028472535,34.55124028472535,34.55124028472535
1651993529,789,34.54213025204162,34.54213025204162,34.54213025204162
1651993529,789,1.7208936631575185,1.7208936631575185,1.7208936631575185
1651993529,789,44.86243410593579,44.86243410593579,44.86243410593579
1651993529,789,55.294451470385255,55.294451470385255,55.294451470385255
1651993529,789,40.33662759775685,40.33662759775685,40.33662759775685
1651993529,789,48.27482215493161,48.27482215493161,48.27482215493161
1651993529,789,15.653834968954913,15.653834968954913,15.653834968954913
1651993529,789,40.17653656717984,40.17653656717984,40.17653656717984
1651993529,789,39.59413395077753,39.59413395077753,39.59413395077753
1651993529,789,20.178676540561348,20.178676540561348,20.178676540561348
1651993529,789,2.9262500592534404,2.9262500592534404,2.9262500592534404
1651993529,789,37.25379595703539,37.25379595703539,37.25379595703539
1651993529,789,24.28854296813604,24.28854296813604,24.28854296813604
1651993529,789,3.93305125722166,3.93305125722166,3.93305125722166
1651993529,789,20.993912481190513,20.993912481190513,20.993912481190513
1651993529,789,51.77309255497708,51.77309255497708,51.77309255497708
1651993529,789,29.473787975945196,29.473787975945196,29.473787975945196
1651993529,789,4.882999180656859,4.882999180656859,4.882999180656859
1651993529,789,20.795755035464428,20.795755035464428,20.795755035464428
1651993529,789,12.680675988094274,12.680675988094274,12.680675988094274
1651993529,789,9.644460006448519,9.644460006448519,9.644460006448519
1651993529,789,43.27029669555456,43.27029669555456,43.27029669555456
1651993529,789,47.22074904849236,47.22074904849236,47.22074904849236
1651993529,789,23.539107830220928,23.539107830220928,23.539107830220928
1651993529,789,25.12840279619176,25.12840279619176,25.12840279619176
1651993529,789,8.719566345301963,8.719566345301963,8.719566345301963
1651993529,789,56.94922846900046,56.94922846900046,56.94922846900046
1651993529,789,49.33445285682091,49.33445285682091,49.33445285682091
1651993529,789,9.599038760114123,9.599038760114123,9.599038760114123
1651993529,789,49.196362807589914,49.196362807589914,49.196362807589914
1651993529,789,25.249790087123753,25.249790087123753,25.249790087123753
1651993529,789,27.085185793655008,27.085185793655008,27.085185793655008
1651993529,789,35.771865249052325,35.771865249052325,35.771865249052325
1651993529,789,15.587903440641702,15.587903440641702,15.587903440641702
1651993529,789,50.259195785369876,50.259195785369876,50.259195785369876
1651993529,789,28.093714712705086,28.093714712705086,28.093714712705086
1651993529,789,57.39058591685452,57.39058591685452,57.39058591685452
1651993529,789,6.9404857830931235,6.9404857830931235,6.9404857830931235
1651993529,789,15.426280494879135,15.426280494879135,15.426280494879135
1651993529,789,38.601632947667376,38.601632947667376,38.601632947667376
1651993529,789,37.65945192533745,37.65945192533745,37.65945192533745
1651993529,789,13.981448938284867,13.981448938284867,13.981448938284867
1651993529,789,51.21856846183237,51.21856846183237,51.21856846183237
1651993529,789,51.40344135402011,51.40344135402011,51.40344135402011
1651993529,789,51.86006199953857,51.86006199953857,51.86006199953857
1651993529,789,12.452414345724556,12.452414345724556,12.452414345724556
1651993529,789,20.816896372716503,20.816896372716503,20.816896372716503
1651993529,789,28.291653956814653,28.291653956814653,28.291653956814653
1651993529,789,49.69104283590696,49.69104283590696,49.69104283590696
1651993529,789,16.094429334927938,16.094429334927938,16.094429334927938
1651993529,789,18.725531011651615,18.725531011651615,18.725531011651615
1651993529,789,34.10964138637472,34.10964138637472,34.10964138637472
1651993529,789,15.141725397139385,15.141725397139385,15.141725397139385
1651993529,789,54.4123187897764,54.4123187897764,54.4123187897764
1651993529,789,47.4626849244085,47.4626849244085,47.4626849244085
1651993529,789,49.004290329023625,49.004290329023625,49.004290329023625
1651993529,789,5.573846941988967,5.573846941988967,5.573846941988967
1651993529,789,9.55581518015611,9.55581518015611,9.55581518015611
1651993529,789,13.473127420212846,13.473127420212846,13.473127420212846
1651993529,789,48.654497473159985,48.654497473159985,48.654497473159985
1651993529,789,44.4857311330661,44.4857311330661,44.4857311330661
1651993529,789,17.54645210403822,17.54645210403822,17.54645210403822
1651993529,789,42.053062929308034,42.053062929308034,42.053062929308034
1651993529,789,39.33045937362465,39.33045937362465,39.33045937362465
1651993529,789,4.890350630526062,4.890350630526062,4.890350630526062
1651993529,789,32.84991502219182,32.84991502219182,32.84991502219182
1651993529,789,16.75773307897091,16.75773307897091,16.75773307897091
1651993529,789,17.545373712517396,17.545373712517396,17.545373712517396
1651993529,789,53.03902528898461,53.03902528898461,53.03902528898461
1651993529,789,31.79545012433645,31.79545012433645,31.79545012433645
1651993529,789,7.172040520812015,7.172040520812015,7.172040520812015
1651993529,789,12.975140557176752,12.975140557176752,12.975140557176752
1651993529,789,49.36957165844045,49.36957165844045,49.36957165844045
1651993529,789,0.6850866369819039,0.6850866369819039,0.6850866369819039
1651993529,789,54.34870302808154,54.34870302808154,54.34870302808154
1651993529,789,3.995165639825814,3.995165639825814,3.995165639825814
1651993529,789,14.209928198392143,14.209928198392143,14.209928198392143
1651993529,789,49.59334898314229,49.59334898314229,49.59334898314229
1651993529,789,7.480416020201803,7.480416020201803,7.480416020201803
1651993529,789,44.54232579261634,44.54232579261634,44.54232579261634
1651993529,789,11.830985253777568,11.830985253777568,11.830985253777568
1651993529,789,42.31374156091227,42.31374156091227,42.31374156091227
1651993529,789,37.42359104210465,37.42359104210465,37.42359104210465
1651993529,789,34.16900271435307,34.16900271435307,34.16900271435307
1651993529,789,24.193261739301573,24.193261739301573,24.193261739301573
1651993529,789,19.936492422345207,19.936492422345207,19.936492422345207
1651993529,789,34.040771005717055,34.040771005717055,34.040771005717055
1651993529,789,12.653483075648506,12.653483075648506,12.653483075648506
1651993529,789,39.98540730149951,39.98540730149951,39.98540730149951
1651993529,789,55.382792157495984,55.382792157495984,55.382792157495984
1651993529,789,39.65545460265625,39.65545460265625,39.65545460265625
1651993529,789,12.85269458424635,12.85269458424635,12.85269458424635
1651993529,789,26.347047716933897,26.347047716933897,26.347047716933897
1651993529,789,48.47159531279533,48.47159531279533,48.47159531279533
1651993529,789,39.56186757176733,39.56186757176733,39.56186757176733
1651993529,789,15.758100271272433,15.758100271272433,15.758100271272433
1651993529,789,22.69791162907336,22.69791162907336,22.69791162907336
1651993529,789,5.178973547763932,5.178973547763932,5.178973547763932
1651993529,789,36.12828329662026,36.12828329662026,36.12828329662026
1651993529,789,31.73044650450365,31.73044650450365,31.73044650450365
1651993529,789,22.643845622486115,22.643845622486115,22.643845622486115
1651993529,789,13.024696201007165,13.024696201007165,13.024696201007165
1651993529,789,2.7519105108756072,2.7519105108756072,2.7519105108756072
1651993529,789,49.050854853560665,49.050854853560665,49.050854853560665
1651993529,789,53.98314292549443,53.98314292549443,53.98314292549443
1651993529,789,31.802573245028107,31.802573245028107,31.802573245028107
1651993529,789,48.028951480715975,48.028951480715975,48.028951480715975
1651993529,789,43.51339179772556,43.51339179772556,43.51339179772556
1651993529,789,30.924593007206074,30.924593007206074,30.924593007206074
1651993529,789,35.37926706177092,35.37926706177092,35.37926706177092
1651993529,789,6.808867470062275,6.808867470062275,6.808867470062275
1651993529,789,4.785506297530876,4.785506297530876,4.785506297530876
1651993529,789,41.76987782133389,41.76987782133389,41.76987782133389
1651993529,789,30.370712546887344,30.370712546887344,30.370712546887344
1651993529,789,20.506460668787813,20.506460668787813,20.506460668787813
1651993529,789,33.56888113715748,33.56888113715748,33.56888113715748
1651993529,789,19.667666363041832,19.667666363041832,19.667666363041832
1651993529,789,24.738955465894694,24.738955465894694,24.738955465894694
1651993529,789,23.016495811639683,23.016495811639683,23.016495811639683
1651993529,789,17.880784813658945,17.880784813658945,17.880784813658945
1651993529,789,56.080691945976575,56.080691945976575,56.080691945976575
1651993529,789,52.21012773010981,52.21012773010981,52.21012773010981
1651993529,789,8.823810888384736,8.823810888384736,8.823810888384736
1651993529,789,12.650666055821354,12.650666055821354,12.650666055821354
1651993529,789,27.524245309879078,27.524245309879078,27.524245309879078
1651993529,789,52.763868990766646,52.763868990766646,52.763868990766646
1651993529,789,24.43590190891468,24.43590190891468,24.43590190891468
1651993529,789,37.38470528405878,37.38470528405878,37.38470528405878
1651993529,789,49.71279533373246,49.71279533373246,49.71279533373246
1651993529,789,45.4468353532257,45.4468353532257,45.4468353532257
1651993529,789,35.02139379425435,35.02139379425435,35.02139379425435
1651993529,789,27.83925617330754,27.83925617330754,27.83925617330754
1651993529,789,20.654172710106746,20.654172710106746,20.654172710106746
1651993529,789,55.15350487815119,55.15350487815119,55.15350487815119
1651993529,789,42.44940920921945,42.44940920921945,42.44940920921945
1651993529,789,2.0299265742386137,2.0299265742386137,2.0299265742386137
1651993529,789,31.65093758533466,31.65093758533466,31.65093758533466
1651993529,789,30.468636430262514,30.468636430262514,30.468636430262514
1651993529,789,37.325464692878825,37.325464692878825,37.325464692878825
1651993529,789,39.86896608961485,39.86896608961485,39.86896608961485
1651993529,789,1.4453848759227637,1.4453848759227637,1.4453848759227637
1651993529,789,1.4667838553331318,1.4667838553331318,1.4667838553331318
1651993529,789,15.035153628360765,15.035153628360765,15.035153628360765
1651993529,789,40.88456758690706,40.88456758690706,40.88456758690706
1651993529,789,10.724747523613809,10.724747523613809,10.724747523613809
1651993529,789,6.197829091329199,6.197829091329199,6.197829091329199
1651993529,789,45.29201598070813,45.29201598070813,45.29201598070813
1651993529,789,15.994989778519155,15.994989778519155,15.994989778519155
1651993529,789,10.72418915792596,10.72418915792596,10.72418915792596
1651993529,789,55.369825890484094,55.369825890484094,55.369825890484094
1651993529,789,17.751704425308027,17.751704425308027,17.751704425308027
1651993529,789,29.62420727726446,29.62420727726446,29.62420727726446
1651993529,789,33.21197381379271,33.21197381379271,33.21197381379271
1651993529,789,29.322986555094495,29.322986555094495,29.322986555094495
1651993529,789,20.074845699142426,20.074845699142426,20.074845699142426
1651993529,789,34.60852980315246,34.60852980315246,34.60852980315246
1651993529,789,44.652989008521295,44.652989008521295,44.652989008521295
1651993529,789,42.61723781678746,42.61723781678746,42.61723781678746
1651993529,789,29.857753062471673,29.857753062471673,29.857753062471673
1651993529,789,10.358013156735502,10.358013156735502,10.358013156735502
1651993529,789,22.981815701920734,22.981815701920734,22.981815701920734
1651993529,789,3.161786527567223,3.161786527567223,3.161786527567223
1651993529,789,24.445389866548556,24.445389866548556,24.445389866548556
1651993529,789,18.43535788868654,18.43535788868654,18.43535788868654
1651993529,789,36.44036408205258,36.44036408205258,36.44036408205258
1651993529,789,49.02558136880488,49.02558136880488,49.02558136880488
1651993529,789,36.42724210285103,36.42724210285103,36.42724210285103
1651993529,789,25.894193589085365,25.894193589085365,25.894193589085365
1651993529,789,36.138410542690046,36.138410542690046,36.138410542690046
1651993529,789,35.324000218030726,35.324000218030726,35.324000218030726
1651993529,789,42.12272523637003,42.12272523637003,42.12272523637003
1651993529,789,41.031027338234544,41.031027338234544,41.031027338234544
1651993529,789,2.985243320505441,2.985243320505441,2.985243320505441
1651993529,789,1.2475768562404124,1.2475768562404124,1.2475768562404124
1651993529,789,8.567790921032374,8.567790921032374,8.567790921032374
1651993529,789,4.092808334042941,4.092808334042941,4.092808334042941
1651993529,789,39.391249832132786,39.391249832132786,39.391249832132786
1651993529,789,21.20723571442174,21.20723571442174,21.20723571442174
1651993529,789,12.490877855507437,12.490877855507437,12.490877855507437
1651993529,789,21.69685789684505,21.69685789684505,21.69685789684505
1651993529,789,23.772360016576734,23.772360016576734,23.772360016576734
1651993529,789,49.71201093704136,49.71201093704136,49.71201093704136
1651993529,789,44.97452576544187,44.97452576544187,44.97452576544187
1651993529,789,16.892113215352975,16.892113215352975,16.892113215352975
1651993529,789,47.46873846714484,47.46873846714484,47.46873846714484
1651993529,789,49.4387621256484,49.4387621256484,49.4387621256484
1651993529,789,47.111620186842195,47.111620186842195,47.111620186842195
1651993529,789,44.537448670489674,44.537448670489674,44.537448670489674
1651993529,789,53.618767641293125,53.618767641293125,53.618767641293125
1651993529,789,52.72404116412835,52.72404116412835,52.72404116412835
1651993529,789,11.291026077027736,11.291026077027736,11.291026077027736
1651993529,789,22.301233368059417,22.301233368059417,22.301233368059417
1651993529,789,49.6142928139385,49.6142928139385,49.6142928139385
1651993529,789,31.89478851730053,31.89478851730053,31.89478851730053
